firstname,lastname,email,username,password,address,gender,contact
Nita,Kinnard,Nita.Kinnard@yopmail.com,NitaKinnard,NitaKinnard,Belém,Female,2124783974
Tatiania,Sharl,Tatiania.Sharl@yopmail.com,TatianiaSharl,TatianiaSharl,Makati City,Male,9293759917
Randa,Gamaliel,Randa.Gamaliel@yopmail.com,RandaGamaliel,RandaGamaliel,Jinan,Female,3098364378
Evita,Sancho,Evita.Sancho@yopmail.com,EvitaSancho,EvitaSancho,Geelong,Male,5308136982
Charlena,Stanwood,Charlena.Stanwood@yopmail.com,CharlenaStanwood,CharlenaStanwood,Lima,Female,2584813046
Augustine,Francene,Augustine.Francene@yopmail.com,AugustineFrancene,AugustineFrancene,Brussels,Male,7876090714
Paule,Brackely,Paule.Brackely@yopmail.com,PauleBrackely,PauleBrackely,Nantes,Male,3223661175
Linet,Lail,Linet.Lail@yopmail.com,LinetLail,LinetLail,Almaty,Female,1550671759
Kaia,Huggins,Kaia.Huggins@yopmail.com,KaiaHuggins,KaiaHuggins,Cologne,Male,1540191719
Dagmar,Damarra,Dagmar.Damarra@yopmail.com,DagmarDamarra,DagmarDamarra,Zamboanga City,Male,3285368667